{
    "0-0": {
        "forward_times": 5,
        "forward_mrr": 0,
        "forward_hits_1": 0,
        "forward_hits_3": 0,
        "forward_hits_10": 0,
        "backward_times": 25,
        "backward_mrr": 0,
        "backward_hits_1": 0,
        "backward_hits_3": 0,
        "backward_hits_10": 0,
        "mean_times": 1.0,
        "mean_mrr": 0.0,
        "mean_hits_1": 0.0,
        "mean_hits_3": 0.0,
        "mean_hits_10": 0.0
    },
    "5-5": {
        "forward_times": 67,
        "forward_mrr": 11.386446886446885,
        "forward_hits_1": 8,
        "forward_hits_3": 12,
        "forward_hits_10": 23,
        "backward_times": 118,
        "backward_mrr": 19.683412786044368,
        "backward_hits_1": 14,
        "backward_hits_3": 23,
        "backward_hits_10": 31,
        "mean_times": 1.0,
        "mean_mrr": 0.16794518741887166,
        "mean_hits_1": 0.11891891891891893,
        "mean_hits_3": 0.1891891891891892,
        "mean_hits_10": 0.2918918918918919
    },
    "7-7": {
        "forward_times": 93,
        "forward_mrr": 18.22979797979798,
        "forward_hits_1": 12,
        "forward_hits_3": 23,
        "forward_hits_10": 30,
        "backward_times": 165,
        "backward_mrr": 29.311587389218968,
        "backward_hits_1": 16,
        "backward_hits_3": 40,
        "backward_hits_10": 54,
        "mean_times": 1.0,
        "mean_mrr": 0.1842689355388254,
        "mean_hits_1": 0.10852713178294573,
        "mean_hits_3": 0.2441860465116279,
        "mean_hits_10": 0.32558139534883723
    },
    "8-8": {
        "forward_times": 98,
        "forward_mrr": 14.50258989376636,
        "forward_hits_1": 6,
        "forward_hits_3": 17,
        "forward_hits_10": 33,
        "backward_times": 189,
        "backward_mrr": 29.826581605528972,
        "backward_hits_1": 16,
        "backward_hits_3": 39,
        "backward_hits_10": 52,
        "mean_times": 1.0,
        "mean_mrr": 0.15445704355155168,
        "mean_hits_1": 0.07665505226480836,
        "mean_hits_3": 0.1951219512195122,
        "mean_hits_10": 0.2961672473867596
    },
    "6-6": {
        "forward_times": 97,
        "forward_mrr": 12.955252100840335,
        "forward_hits_1": 8,
        "forward_hits_3": 14,
        "forward_hits_10": 26,
        "backward_times": 130,
        "backward_mrr": 12.62667559049138,
        "backward_hits_1": 8,
        "backward_hits_3": 13,
        "backward_hits_10": 23,
        "mean_times": 1.0,
        "mean_mrr": 0.11269571670190183,
        "mean_hits_1": 0.07048458149779736,
        "mean_hits_3": 0.11894273127753303,
        "mean_hits_10": 0.21585903083700442
    },
    "4-4": {
        "backward_times": 86,
        "backward_mrr": 8.694152046783627,
        "backward_hits_1": 4,
        "backward_hits_3": 10,
        "backward_hits_10": 19,
        "forward_times": 55,
        "forward_mrr": 7.3281746031746025,
        "forward_hits_1": 3,
        "forward_hits_3": 9,
        "forward_hits_10": 19,
        "mean_times": 1.0,
        "mean_mrr": 0.1136335223401293,
        "mean_hits_1": 0.04964539007092199,
        "mean_hits_3": 0.1347517730496454,
        "mean_hits_10": 0.2695035460992908
    },
    "2-2": {
        "backward_times": 47,
        "backward_mrr": 2.8055555555555554,
        "backward_hits_1": 2,
        "backward_hits_3": 2,
        "backward_hits_10": 5,
        "forward_times": 42,
        "forward_mrr": 3.1739028944911296,
        "forward_hits_1": 2,
        "forward_hits_3": 3,
        "forward_hits_10": 8,
        "mean_times": 1.0,
        "mean_mrr": 0.06718492640501894,
        "mean_hits_1": 0.0449438202247191,
        "mean_hits_3": 0.056179775280898875,
        "mean_hits_10": 0.14606741573033707
    },
    "3-3": {
        "forward_times": 50,
        "forward_mrr": 7.677777777777777,
        "forward_hits_1": 6,
        "forward_hits_3": 7,
        "forward_hits_10": 13,
        "backward_times": 81,
        "backward_mrr": 7.028700874289108,
        "backward_hits_1": 4,
        "backward_hits_3": 7,
        "backward_hits_10": 16,
        "mean_times": 1.0,
        "mean_mrr": 0.11226319581730446,
        "mean_hits_1": 0.07633587786259542,
        "mean_hits_3": 0.10687022900763359,
        "mean_hits_10": 0.22137404580152673
    },
    "9-9": {
        "forward_times": 94,
        "forward_mrr": 17.944920722552297,
        "forward_hits_1": 9,
        "forward_hits_3": 24,
        "forward_hits_10": 37,
        "backward_times": 189,
        "backward_mrr": 24.831485078389097,
        "backward_hits_1": 12,
        "backward_hits_3": 33,
        "backward_hits_10": 49,
        "mean_times": 1.0,
        "mean_mrr": 0.15115337738848547,
        "mean_hits_1": 0.07420494699646643,
        "mean_hits_3": 0.20141342756183744,
        "mean_hits_10": 0.303886925795053
    },
    "1-1": {
        "forward_times": 29,
        "forward_mrr": 0,
        "forward_hits_1": 0,
        "forward_hits_3": 0,
        "forward_hits_10": 0,
        "backward_times": 43,
        "backward_mrr": 0.18803418803418803,
        "backward_hits_1": 0,
        "backward_hits_3": 0,
        "backward_hits_10": 1,
        "mean_times": 1.0,
        "mean_mrr": 0.0026115859449192783,
        "mean_hits_1": 0.0,
        "mean_hits_3": 0.0,
        "mean_hits_10": 0.013888888888888888
    }
}