{
    "70-80": {
        "forward_times": 564,
        "forward_mrr": 159.77658133490183,
        "forward_hits_1": 106,
        "forward_hits_3": 174,
        "forward_hits_10": 293,
        "backward_times": 846,
        "backward_mrr": 182.83920992148546,
        "backward_hits_1": 99,
        "backward_hits_3": 214,
        "backward_hits_10": 394,
        "mean_times": 1.0,
        "mean_mrr": 0.24298992287687043,
        "mean_hits_1": 0.1453900709219858,
        "mean_hits_3": 0.275177304964539,
        "mean_hits_10": 0.48723404255319147
    },
    "80-90": {
        "forward_times": 411,
        "forward_mrr": 120.66438175687406,
        "forward_hits_1": 77,
        "forward_hits_3": 131,
        "forward_hits_10": 229,
        "backward_times": 644,
        "backward_mrr": 168.84877591448787,
        "backward_hits_1": 103,
        "backward_hits_3": 201,
        "backward_hits_10": 319,
        "mean_times": 1.0,
        "mean_mrr": 0.274420054664798,
        "mean_hits_1": 0.17061611374407584,
        "mean_hits_3": 0.31469194312796206,
        "mean_hits_10": 0.5194312796208531
    },
    "100-7614": {
        "backward_times": 4081,
        "backward_mrr": 1746.883159169687,
        "backward_hits_1": 1127,
        "backward_hits_3": 2109,
        "backward_hits_10": 3026,
        "forward_times": 9682,
        "forward_mrr": 5952.67928107753,
        "forward_hits_1": 4592,
        "forward_hits_3": 6850,
        "forward_hits_10": 8568,
        "mean_times": 1.0,
        "mean_mrr": 0.5594392530877873,
        "mean_hits_1": 0.41553440383637286,
        "mean_hits_3": 0.6509481944343529,
        "mean_hits_10": 0.8424035457385745
    },
    "60-70": {
        "forward_times": 791,
        "forward_mrr": 255.46532202747375,
        "forward_hits_1": 185,
        "forward_hits_3": 287,
        "forward_hits_10": 407,
        "backward_times": 1224,
        "backward_mrr": 243.20365954564872,
        "backward_hits_1": 141,
        "backward_hits_3": 275,
        "backward_hits_10": 494,
        "mean_times": 1.0,
        "mean_mrr": 0.2474784027658176,
        "mean_hits_1": 0.1617866004962779,
        "mean_hits_3": 0.27890818858560795,
        "mean_hits_10": 0.4471464019851117
    },
    "40-50": {
        "forward_times": 1427,
        "forward_mrr": 268.2893730151857,
        "forward_hits_1": 159,
        "forward_hits_3": 303,
        "forward_hits_10": 529,
        "backward_times": 2217,
        "backward_mrr": 388.1843944497181,
        "backward_hits_1": 244,
        "backward_hits_3": 435,
        "backward_hits_10": 716,
        "mean_times": 1.0,
        "mean_mrr": 0.1801519669223117,
        "mean_hits_1": 0.1105927552140505,
        "mean_hits_3": 0.20252469813391877,
        "mean_hits_10": 0.3416575192096597
    },
    "50-60": {
        "forward_times": 1065,
        "forward_mrr": 257.20012743963986,
        "forward_hits_1": 161,
        "forward_hits_3": 297,
        "forward_hits_10": 454,
        "backward_times": 1602,
        "backward_mrr": 274.76965309372395,
        "backward_hits_1": 150,
        "backward_hits_3": 320,
        "backward_hits_10": 573,
        "mean_times": 1.0,
        "mean_mrr": 0.19946373473316975,
        "mean_hits_1": 0.11661042369703788,
        "mean_hits_3": 0.23134608173978252,
        "mean_hits_10": 0.385076865391826
    },
    "30-40": {
        "backward_times": 3021,
        "backward_mrr": 413.5400360260645,
        "backward_hits_1": 253,
        "backward_hits_3": 451,
        "backward_hits_10": 789,
        "forward_times": 1997,
        "forward_mrr": 380.0099753273896,
        "forward_hits_1": 243,
        "forward_hits_3": 428,
        "forward_hits_10": 687,
        "mean_times": 1.0,
        "mean_mrr": 0.15814069576593345,
        "mean_hits_1": 0.09884416102032682,
        "mean_hits_3": 0.17516939019529693,
        "mean_hits_10": 0.2941410920685532
    },
    "90-100": {
        "forward_times": 470,
        "forward_mrr": 161.07436195125828,
        "forward_hits_1": 112,
        "forward_hits_3": 178,
        "forward_hits_10": 280,
        "backward_times": 519,
        "backward_mrr": 153.45295172234032,
        "backward_hits_1": 100,
        "backward_hits_3": 178,
        "backward_hits_10": 274,
        "mean_times": 1.0,
        "mean_mrr": 0.3180255952210299,
        "mean_hits_1": 0.21435793731041455,
        "mean_hits_3": 0.35995955510616784,
        "mean_hits_10": 0.5601617795753286
    },
    "20-30": {
        "forward_times": 1925,
        "forward_mrr": 300.77047671540674,
        "forward_hits_1": 165,
        "forward_hits_3": 349,
        "forward_hits_10": 614,
        "backward_times": 2839,
        "backward_mrr": 370.33439228899664,
        "backward_hits_1": 211,
        "backward_hits_3": 412,
        "backward_hits_10": 746,
        "mean_times": 1.0,
        "mean_mrr": 0.14087003967346837,
        "mean_hits_1": 0.07892527287993283,
        "mean_hits_3": 0.15973971452560873,
        "mean_hits_10": 0.28547439126784213
    },
    "0-10": {
        "forward_times": 630,
        "forward_mrr": 93.19886285884745,
        "forward_hits_1": 54,
        "forward_hits_3": 109,
        "forward_hits_10": 189,
        "backward_times": 1073,
        "backward_mrr": 134.9961851143352,
        "backward_hits_1": 76,
        "backward_hits_3": 167,
        "backward_hits_10": 250,
        "mean_times": 1.0,
        "mean_mrr": 0.1339959177763844,
        "mean_hits_1": 0.07633587786259542,
        "mean_hits_3": 0.1620669406928949,
        "mean_hits_10": 0.25778038755137994
    },
    "10-20": {
        "backward_times": 2400,
        "backward_mrr": 326.2950662942143,
        "backward_hits_1": 177,
        "backward_hits_3": 390,
        "backward_hits_10": 633,
        "forward_times": 1504,
        "forward_mrr": 262.36871836453867,
        "forward_hits_1": 157,
        "forward_hits_3": 300,
        "forward_hits_10": 495,
        "mean_times": 1.0,
        "mean_mrr": 0.15078478090644287,
        "mean_hits_1": 0.0855532786885246,
        "mean_hits_3": 0.17674180327868852,
        "mean_hits_10": 0.2889344262295082
    }
}