{
    "50-60": {
        "forward_times": 1065,
        "forward_mrr": 243.19805446961018,
        "forward_hits_1": 171,
        "forward_hits_3": 265,
        "forward_hits_10": 420,
        "backward_times": 1602,
        "backward_mrr": 288.1728612160111,
        "backward_hits_1": 178,
        "backward_hits_3": 321,
        "backward_hits_10": 541,
        "mean_times": 1.0,
        "mean_mrr": 0.19923918848354755,
        "mean_hits_1": 0.1308586426696663,
        "mean_hits_3": 0.2197225346831646,
        "mean_hits_10": 0.3603299587551556
    },
    "70-80": {
        "backward_times": 846,
        "backward_mrr": 179.8612841364002,
        "backward_hits_1": 115,
        "backward_hits_3": 199,
        "backward_hits_10": 335,
        "forward_times": 564,
        "forward_mrr": 159.19634690644756,
        "forward_hits_1": 110,
        "forward_hits_3": 182,
        "forward_hits_10": 260,
        "mean_times": 1.0,
        "mean_mrr": 0.2404664049949275,
        "mean_hits_1": 0.1595744680851064,
        "mean_hits_3": 0.2702127659574468,
        "mean_hits_10": 0.4219858156028369
    },
    "10-20": {
        "backward_times": 2400,
        "backward_mrr": 567.0349755078072,
        "backward_hits_1": 377,
        "backward_hits_3": 623,
        "backward_hits_10": 1012,
        "forward_times": 1504,
        "forward_mrr": 417.9154233279614,
        "forward_hits_1": 289,
        "forward_hits_3": 468,
        "forward_hits_10": 701,
        "mean_times": 1.0,
        "mean_mrr": 0.25229262265260466,
        "mean_hits_1": 0.17059426229508196,
        "mean_hits_3": 0.27945696721311475,
        "mean_hits_10": 0.43878073770491804
    },
    "100-7614": {
        "forward_times": 9682,
        "forward_mrr": 5952.1905450114045,
        "forward_hits_1": 5075,
        "forward_hits_3": 6382,
        "forward_hits_10": 7879,
        "backward_times": 4081,
        "backward_mrr": 1564.4433643368966,
        "backward_hits_1": 1139,
        "backward_hits_3": 1745,
        "backward_hits_10": 2525,
        "mean_times": 1.0,
        "mean_mrr": 0.546147926276851,
        "mean_hits_1": 0.4515003996221754,
        "mean_hits_3": 0.5904962580832668,
        "mean_hits_10": 0.7559398386979583
    },
    "80-90": {
        "forward_times": 411,
        "forward_mrr": 95.7724818868782,
        "forward_hits_1": 62,
        "forward_hits_3": 97,
        "forward_hits_10": 186,
        "backward_times": 644,
        "backward_mrr": 143.31176549628566,
        "backward_hits_1": 96,
        "backward_hits_3": 154,
        "backward_hits_10": 265,
        "mean_times": 1.0,
        "mean_mrr": 0.2266201396996814,
        "mean_hits_1": 0.14976303317535544,
        "mean_hits_3": 0.23791469194312795,
        "mean_hits_10": 0.42748815165876775
    },
    "40-50": {
        "forward_times": 1427,
        "forward_mrr": 305.52290114855884,
        "forward_hits_1": 211,
        "forward_hits_3": 336,
        "forward_hits_10": 504,
        "backward_times": 2217,
        "backward_mrr": 447.7972475623784,
        "backward_hits_1": 312,
        "backward_hits_3": 487,
        "backward_hits_10": 764,
        "mean_times": 1.0,
        "mean_mrr": 0.2067289101841211,
        "mean_hits_1": 0.14352360043907794,
        "mean_hits_3": 0.22585071350164654,
        "mean_hits_10": 0.34796926454445665
    },
    "90-100": {
        "forward_times": 470,
        "forward_mrr": 145.79873506266705,
        "forward_hits_1": 104,
        "forward_hits_3": 160,
        "forward_hits_10": 241,
        "backward_times": 519,
        "backward_mrr": 127.25050139488991,
        "backward_hits_1": 84,
        "backward_hits_3": 145,
        "backward_hits_10": 218,
        "mean_times": 1.0,
        "mean_mrr": 0.276086184486913,
        "mean_hits_1": 0.19009100101112233,
        "mean_hits_3": 0.3083923154701719,
        "mean_hits_10": 0.4641051567239636
    },
    "60-70": {
        "forward_times": 791,
        "forward_mrr": 248.03954702847892,
        "forward_hits_1": 180,
        "forward_hits_3": 283,
        "forward_hits_10": 382,
        "backward_times": 1224,
        "backward_mrr": 229.74943132203197,
        "backward_hits_1": 137,
        "backward_hits_3": 257,
        "backward_hits_10": 441,
        "mean_times": 1.0,
        "mean_mrr": 0.23711611828809473,
        "mean_hits_1": 0.15732009925558313,
        "mean_hits_3": 0.2679900744416873,
        "mean_hits_10": 0.4084367245657568
    },
    "0-10": {
        "forward_times": 630,
        "forward_mrr": 222.19130776773954,
        "forward_hits_1": 159,
        "forward_hits_3": 248,
        "forward_hits_10": 358,
        "backward_times": 1073,
        "backward_mrr": 323.7242498643426,
        "backward_hits_1": 221,
        "backward_hits_3": 357,
        "backward_hits_10": 568,
        "mean_times": 1.0,
        "mean_mrr": 0.32056110254379455,
        "mean_hits_1": 0.22313564298297123,
        "mean_hits_3": 0.35525543159130946,
        "mean_hits_10": 0.543746330005872
    },
    "20-30": {
        "forward_times": 1925,
        "forward_mrr": 406.4818625904533,
        "forward_hits_1": 255,
        "forward_hits_3": 469,
        "forward_hits_10": 747,
        "backward_times": 2839,
        "backward_mrr": 605.9462718439099,
        "backward_hits_1": 423,
        "backward_hits_3": 663,
        "backward_hits_10": 1028,
        "mean_times": 1.0,
        "mean_mrr": 0.2125164010147698,
        "mean_hits_1": 0.14231738035264482,
        "mean_hits_3": 0.23761544920235098,
        "mean_hits_10": 0.37258606213266166
    },
    "30-40": {
        "forward_times": 1997,
        "forward_mrr": 438.4372411901816,
        "forward_hits_1": 305,
        "forward_hits_3": 495,
        "forward_hits_10": 715,
        "backward_times": 3021,
        "backward_mrr": 533.951559774933,
        "backward_hits_1": 350,
        "backward_hits_3": 577,
        "backward_hits_10": 964,
        "mean_times": 1.0,
        "mean_mrr": 0.1937801516470934,
        "mean_hits_1": 0.13053009166998805,
        "mean_hits_3": 0.2136309286568354,
        "mean_hits_10": 0.3345954563571144
    }
}