{
    "6-6": {
        "forward_times": 97,
        "forward_mrr": 32.26049089799089,
        "forward_hits_1": 21,
        "forward_hits_3": 37,
        "forward_hits_10": 59,
        "backward_times": 130,
        "backward_mrr": 36.14133823692649,
        "backward_hits_1": 22,
        "backward_hits_3": 38,
        "backward_hits_10": 74,
        "mean_times": 1.0,
        "mean_mrr": 0.30132964376615584,
        "mean_hits_1": 0.1894273127753304,
        "mean_hits_3": 0.3303964757709251,
        "mean_hits_10": 0.5859030837004405
    },
    "8-8": {
        "backward_times": 189,
        "backward_mrr": 62.24415147545954,
        "backward_hits_1": 43,
        "backward_hits_3": 70,
        "backward_hits_10": 104,
        "forward_times": 98,
        "forward_mrr": 30.01246618878198,
        "forward_hits_1": 22,
        "forward_hits_3": 32,
        "forward_hits_10": 46,
        "mean_times": 1.0,
        "mean_mrr": 0.32145162949213074,
        "mean_hits_1": 0.2264808362369338,
        "mean_hits_3": 0.3554006968641115,
        "mean_hits_10": 0.5226480836236934
    },
    "1-1": {
        "backward_times": 43,
        "backward_mrr": 15.684846586162378,
        "backward_hits_1": 12,
        "backward_hits_3": 19,
        "backward_hits_10": 22,
        "forward_times": 29,
        "forward_mrr": 12.524242424242425,
        "forward_hits_1": 10,
        "forward_hits_3": 14,
        "forward_hits_10": 17,
        "mean_times": 1.0,
        "mean_mrr": 0.3917929029222889,
        "mean_hits_1": 0.3055555555555556,
        "mean_hits_3": 0.4583333333333333,
        "mean_hits_10": 0.5416666666666666
    },
    "7-7": {
        "backward_times": 165,
        "backward_mrr": 50.52000587132168,
        "backward_hits_1": 36,
        "backward_hits_3": 53,
        "backward_hits_10": 86,
        "forward_times": 93,
        "forward_mrr": 30.326553490369278,
        "forward_hits_1": 21,
        "forward_hits_3": 35,
        "forward_hits_10": 50,
        "mean_times": 1.0,
        "mean_mrr": 0.31335875721585643,
        "mean_hits_1": 0.22093023255813954,
        "mean_hits_3": 0.34108527131782945,
        "mean_hits_10": 0.5271317829457365
    },
    "3-3": {
        "backward_times": 81,
        "backward_mrr": 23.064317463582167,
        "backward_hits_1": 16,
        "backward_hits_3": 24,
        "backward_hits_10": 40,
        "forward_times": 50,
        "forward_mrr": 21.98183878814684,
        "forward_hits_1": 17,
        "forward_hits_3": 24,
        "forward_hits_10": 33,
        "mean_times": 1.0,
        "mean_mrr": 0.34386378818113744,
        "mean_hits_1": 0.25190839694656486,
        "mean_hits_3": 0.366412213740458,
        "mean_hits_10": 0.5572519083969466
    },
    "2-2": {
        "forward_times": 42,
        "forward_mrr": 17.134859584859583,
        "forward_hits_1": 13,
        "forward_hits_3": 20,
        "forward_hits_10": 25,
        "backward_times": 47,
        "backward_mrr": 7.525011100011102,
        "backward_hits_1": 3,
        "backward_hits_3": 7,
        "backward_hits_10": 20,
        "mean_times": 1.0,
        "mean_mrr": 0.27707719870641223,
        "mean_hits_1": 0.1797752808988764,
        "mean_hits_3": 0.30337078651685395,
        "mean_hits_10": 0.5056179775280899
    },
    "9-9": {
        "backward_times": 189,
        "backward_mrr": 59.70959981281191,
        "backward_hits_1": 44,
        "backward_hits_3": 66,
        "backward_hits_10": 100,
        "forward_times": 94,
        "forward_mrr": 28.41622019621245,
        "forward_hits_1": 17,
        "forward_hits_3": 33,
        "forward_hits_10": 52,
        "mean_times": 1.0,
        "mean_mrr": 0.3113986572757044,
        "mean_hits_1": 0.21554770318021202,
        "mean_hits_3": 0.3498233215547703,
        "mean_hits_10": 0.5371024734982333
    },
    "5-5": {
        "backward_times": 118,
        "backward_mrr": 41.19895423204247,
        "backward_hits_1": 29,
        "backward_hits_3": 47,
        "backward_hits_10": 72,
        "forward_times": 67,
        "forward_mrr": 24.83872655122655,
        "forward_hits_1": 19,
        "forward_hits_3": 27,
        "forward_hits_10": 38,
        "mean_times": 1.0,
        "mean_mrr": 0.35696043666631905,
        "mean_hits_1": 0.2594594594594595,
        "mean_hits_3": 0.4,
        "mean_hits_10": 0.5945945945945946
    },
    "4-4": {
        "forward_times": 55,
        "forward_mrr": 20.49590964590964,
        "forward_hits_1": 15,
        "forward_hits_3": 22,
        "forward_hits_10": 33,
        "backward_times": 86,
        "backward_mrr": 24.49749694749695,
        "backward_hits_1": 15,
        "backward_hits_3": 29,
        "backward_hits_10": 44,
        "mean_times": 1.0,
        "mean_mrr": 0.3191021744213233,
        "mean_hits_1": 0.2127659574468085,
        "mean_hits_3": 0.3617021276595745,
        "mean_hits_10": 0.5460992907801419
    },
    "0-0": {
        "forward_times": 5,
        "forward_mrr": 4.2,
        "forward_hits_1": 4,
        "forward_hits_3": 4,
        "forward_hits_10": 5,
        "backward_times": 25,
        "backward_mrr": 3.1385281385281387,
        "backward_hits_1": 1,
        "backward_hits_3": 4,
        "backward_hits_10": 6,
        "mean_times": 1.0,
        "mean_mrr": 0.24461760461760462,
        "mean_hits_1": 0.16666666666666666,
        "mean_hits_3": 0.26666666666666666,
        "mean_hits_10": 0.36666666666666664
    }
}