{
    "50-60": {
        "backward_times": 1602,
        "backward_mrr": 458.2088019737393,
        "backward_hits_1": 386,
        "backward_hits_3": 478,
        "backward_hits_10": 626,
        "forward_times": 1065,
        "forward_mrr": 374.72048824928055,
        "forward_hits_1": 339,
        "forward_hits_3": 382,
        "forward_hits_10": 451,
        "mean_times": 1.0,
        "mean_mrr": 0.3123094451529883,
        "mean_hits_1": 0.2718410198725159,
        "mean_hits_3": 0.3224596925384327,
        "mean_hits_10": 0.40382452193475815
    },
    "80-90": {
        "backward_times": 644,
        "backward_mrr": 233.85359527813085,
        "backward_hits_1": 204,
        "backward_hits_3": 244,
        "backward_hits_10": 307,
        "forward_times": 411,
        "forward_mrr": 154.66867176511147,
        "forward_hits_1": 141,
        "forward_hits_3": 153,
        "forward_hits_10": 188,
        "mean_times": 1.0,
        "mean_mrr": 0.3682675516997558,
        "mean_hits_1": 0.32701421800947866,
        "mean_hits_3": 0.376303317535545,
        "mean_hits_10": 0.46919431279620855
    },
    "10-20": {
        "backward_times": 2400,
        "backward_mrr": 930.8039284760656,
        "backward_hits_1": 820,
        "backward_hits_3": 966,
        "backward_hits_10": 1191,
        "forward_times": 1504,
        "forward_mrr": 605.4974329291277,
        "forward_hits_1": 542,
        "forward_hits_3": 616,
        "forward_hits_10": 758,
        "mean_times": 1.0,
        "mean_mrr": 0.39351981593370733,
        "mean_hits_1": 0.3488729508196721,
        "mean_hits_3": 0.4052254098360656,
        "mean_hits_10": 0.49923155737704916
    },
    "70-80": {
        "forward_times": 564,
        "forward_mrr": 237.9626419890738,
        "forward_hits_1": 216,
        "forward_hits_3": 244,
        "forward_hits_10": 292,
        "backward_times": 846,
        "backward_mrr": 283.5002195860555,
        "backward_hits_1": 244,
        "backward_hits_3": 293,
        "backward_hits_10": 382,
        "mean_times": 1.0,
        "mean_mrr": 0.36983181671994986,
        "mean_hits_1": 0.3262411347517731,
        "mean_hits_3": 0.38085106382978723,
        "mean_hits_10": 0.47801418439716314
    },
    "90-100": {
        "forward_times": 470,
        "forward_mrr": 212.78746216803492,
        "forward_hits_1": 188,
        "forward_hits_3": 227,
        "forward_hits_10": 262,
        "backward_times": 519,
        "backward_mrr": 197.13278126672088,
        "backward_hits_1": 173,
        "backward_hits_3": 203,
        "backward_hits_10": 248,
        "mean_times": 1.0,
        "mean_mrr": 0.41447951813423234,
        "mean_hits_1": 0.36501516683518703,
        "mean_hits_3": 0.43478260869565216,
        "mean_hits_10": 0.5156723963599595
    },
    "30-40": {
        "forward_times": 1997,
        "forward_mrr": 646.645751114211,
        "forward_hits_1": 575,
        "forward_hits_3": 667,
        "forward_hits_10": 811,
        "backward_times": 3021,
        "backward_mrr": 886.2527782331199,
        "backward_hits_1": 772,
        "backward_hits_3": 918,
        "backward_hits_10": 1149,
        "mean_times": 1.0,
        "mean_mrr": 0.3054799779488503,
        "mean_hits_1": 0.26843363889996014,
        "mean_hits_3": 0.3158628935831008,
        "mean_hits_10": 0.39059386209645275
    },
    "20-30": {
        "forward_times": 1925,
        "forward_mrr": 657.1784105557321,
        "forward_hits_1": 585,
        "forward_hits_3": 685,
        "forward_hits_10": 818,
        "backward_times": 2839,
        "backward_mrr": 936.6851936118584,
        "backward_hits_1": 838,
        "backward_hits_3": 956,
        "backward_hits_10": 1179,
        "mean_times": 1.0,
        "mean_mrr": 0.33456414864978806,
        "mean_hits_1": 0.29869857262804367,
        "mean_hits_3": 0.34445843828715367,
        "mean_hits_10": 0.4191855583543241
    },
    "100-7614": {
        "backward_times": 4081,
        "backward_mrr": 2142.912951578002,
        "backward_hits_1": 1907,
        "backward_hits_3": 2220,
        "backward_hits_10": 2702,
        "forward_times": 9682,
        "forward_mrr": 6485.966081244179,
        "forward_hits_1": 5812,
        "forward_hits_3": 6859,
        "forward_hits_10": 7882,
        "mean_times": 1.0,
        "mean_mrr": 0.6269620746074388,
        "mean_hits_1": 0.560851558526484,
        "mean_hits_3": 0.6596672237157597,
        "mean_hits_10": 0.7690183826200683
    },
    "60-70": {
        "forward_times": 791,
        "forward_mrr": 314.387330355403,
        "forward_hits_1": 276,
        "forward_hits_3": 330,
        "forward_hits_10": 392,
        "backward_times": 1224,
        "backward_mrr": 360.42053713400435,
        "backward_hits_1": 294,
        "backward_hits_3": 383,
        "backward_hits_10": 517,
        "mean_times": 1.0,
        "mean_mrr": 0.33489224193022693,
        "mean_hits_1": 0.28287841191067,
        "mean_hits_3": 0.35384615384615387,
        "mean_hits_10": 0.4511166253101737
    },
    "0-10": {
        "forward_times": 630,
        "forward_mrr": 323.80677526807534,
        "forward_hits_1": 295,
        "forward_hits_3": 336,
        "forward_hits_10": 387,
        "backward_times": 1073,
        "backward_mrr": 490.11640852697315,
        "backward_hits_1": 435,
        "backward_hits_3": 513,
        "backward_hits_10": 602,
        "mean_times": 1.0,
        "mean_mrr": 0.47793492882856636,
        "mean_hits_1": 0.4286553141514974,
        "mean_hits_3": 0.49853200234879624,
        "mean_hits_10": 0.5807398708162067
    },
    "40-50": {
        "backward_times": 2217,
        "backward_mrr": 676.9461140038152,
        "backward_hits_1": 580,
        "backward_hits_3": 705,
        "backward_hits_10": 899,
        "forward_times": 1427,
        "forward_mrr": 485.69066040168974,
        "forward_hits_1": 439,
        "forward_hits_3": 504,
        "forward_hits_10": 595,
        "mean_times": 1.0,
        "mean_mrr": 0.31905509725727355,
        "mean_hits_1": 0.2796377607025247,
        "mean_hits_3": 0.33177826564215146,
        "mean_hits_10": 0.4099890230515917
    }
}