{
    "5-5": {
        "forward_times": 67,
        "forward_mrr": 33.097852921072736,
        "forward_hits_1": 30,
        "forward_hits_3": 34,
        "forward_hits_10": 39,
        "backward_times": 118,
        "backward_mrr": 58.91905871905873,
        "backward_hits_1": 52,
        "backward_hits_3": 61,
        "backward_hits_10": 73,
        "mean_times": 1.0,
        "mean_mrr": 0.4973887115682782,
        "mean_hits_1": 0.44324324324324327,
        "mean_hits_3": 0.5135135135135135,
        "mean_hits_10": 0.6054054054054054
    },
    "0-0": {
        "forward_times": 5,
        "forward_mrr": 5.0,
        "forward_hits_1": 5,
        "forward_hits_3": 5,
        "forward_hits_10": 5,
        "backward_times": 25,
        "backward_mrr": 8.683823529411764,
        "backward_hits_1": 8,
        "backward_hits_3": 9,
        "backward_hits_10": 10,
        "mean_times": 1.0,
        "mean_mrr": 0.45612745098039215,
        "mean_hits_1": 0.43333333333333335,
        "mean_hits_3": 0.4666666666666667,
        "mean_hits_10": 0.5
    },
    "7-7": {
        "backward_times": 165,
        "backward_mrr": 77.58370142928969,
        "backward_hits_1": 67,
        "backward_hits_3": 84,
        "backward_hits_10": 103,
        "forward_times": 93,
        "forward_mrr": 47.96337818528222,
        "forward_hits_1": 44,
        "forward_hits_3": 50,
        "forward_hits_10": 55,
        "mean_times": 1.0,
        "mean_mrr": 0.4866165876533795,
        "mean_hits_1": 0.43023255813953487,
        "mean_hits_3": 0.5193798449612403,
        "mean_hits_10": 0.6124031007751938
    },
    "1-1": {
        "backward_times": 43,
        "backward_mrr": 17.224732620320854,
        "backward_hits_1": 15,
        "backward_hits_3": 18,
        "backward_hits_10": 20,
        "forward_times": 29,
        "forward_mrr": 17.957575757575757,
        "forward_hits_1": 17,
        "forward_hits_3": 18,
        "forward_hits_10": 20,
        "mean_times": 1.0,
        "mean_mrr": 0.4886431719152307,
        "mean_hits_1": 0.4444444444444444,
        "mean_hits_3": 0.5,
        "mean_hits_10": 0.5555555555555556
    },
    "4-4": {
        "forward_times": 55,
        "forward_mrr": 28.725490196078432,
        "forward_hits_1": 26,
        "forward_hits_3": 27,
        "forward_hits_10": 39,
        "backward_times": 86,
        "backward_mrr": 38.788094666771144,
        "backward_hits_1": 36,
        "backward_hits_3": 39,
        "backward_hits_10": 43,
        "mean_times": 1.0,
        "mean_mrr": 0.47881975080035155,
        "mean_hits_1": 0.4397163120567376,
        "mean_hits_3": 0.46808510638297873,
        "mean_hits_10": 0.5815602836879432
    },
    "6-6": {
        "backward_times": 130,
        "backward_mrr": 58.16734515484516,
        "backward_hits_1": 51,
        "backward_hits_3": 61,
        "backward_hits_10": 71,
        "forward_times": 97,
        "forward_mrr": 52.04967532467534,
        "forward_hits_1": 48,
        "forward_hits_3": 54,
        "forward_hits_10": 62,
        "mean_times": 1.0,
        "mean_mrr": 0.4855375351520727,
        "mean_hits_1": 0.43612334801762115,
        "mean_hits_3": 0.5066079295154186,
        "mean_hits_10": 0.5859030837004405
    },
    "2-2": {
        "forward_times": 42,
        "forward_mrr": 20.75,
        "forward_hits_1": 18,
        "forward_hits_3": 22,
        "forward_hits_10": 28,
        "backward_times": 47,
        "backward_mrr": 15.347472848788637,
        "backward_hits_1": 13,
        "backward_hits_3": 16,
        "backward_hits_10": 19,
        "mean_times": 1.0,
        "mean_mrr": 0.4055895825706589,
        "mean_hits_1": 0.34831460674157305,
        "mean_hits_3": 0.42696629213483145,
        "mean_hits_10": 0.5280898876404494
    },
    "9-9": {
        "forward_times": 94,
        "forward_mrr": 45.858239391327636,
        "forward_hits_1": 42,
        "forward_hits_3": 49,
        "forward_hits_10": 53,
        "backward_times": 189,
        "backward_mrr": 82.01032419163225,
        "backward_hits_1": 73,
        "backward_hits_3": 85,
        "backward_hits_10": 101,
        "mean_times": 1.0,
        "mean_mrr": 0.45183238015180177,
        "mean_hits_1": 0.40636042402826855,
        "mean_hits_3": 0.4734982332155477,
        "mean_hits_10": 0.5441696113074205
    },
    "8-8": {
        "backward_times": 189,
        "backward_mrr": 96.99441946941948,
        "backward_hits_1": 87,
        "backward_hits_3": 102,
        "backward_hits_10": 118,
        "forward_times": 98,
        "forward_mrr": 43.7920634920635,
        "forward_hits_1": 40,
        "forward_hits_3": 47,
        "forward_hits_10": 51,
        "mean_times": 1.0,
        "mean_mrr": 0.4905452367995923,
        "mean_hits_1": 0.4425087108013937,
        "mean_hits_3": 0.519163763066202,
        "mean_hits_10": 0.5888501742160279
    },
    "3-3": {
        "backward_times": 81,
        "backward_mrr": 36.397435897435905,
        "backward_hits_1": 33,
        "backward_hits_3": 38,
        "backward_hits_10": 44,
        "forward_times": 50,
        "forward_mrr": 28.612499999999997,
        "forward_hits_1": 25,
        "forward_hits_3": 30,
        "forward_hits_10": 35,
        "mean_times": 1.0,
        "mean_mrr": 0.4962590526521824,
        "mean_hits_1": 0.44274809160305345,
        "mean_hits_3": 0.5190839694656488,
        "mean_hits_10": 0.6030534351145038
    }
}